<?xml version="1.0" encoding="UTF-8"?>
<ti:app xmlns:ti="http://ti.appcelerator.org">
    <property name="acs-oauth-secret-development" type="string">7Ahwwb0CyGo87mQk0GlHhwaOgOJwMJNW</property>
    <property name="acs-oauth-key-development" type="string">JyoHaOimupcogj1XxYp2pCZBYbPyc7Hr</property>
    <property name="acs-api-key-development" type="string">PtZ6CfUAL92288zMc3FrP5Qkxa68LJVD</property>
    <property name="acs-oauth-secret-production" type="string">KbWJllelez6zf8qQ0mJCCNmJKghRoFY4</property>
    <property name="acs-oauth-key-production" type="string">VZXyze8IIw4uGFGfL5D44vNfjbsRkXfK</property>
    <property name="acs-api-key-production" type="string">kz9cS2OEMUFXXst8aPdfFa9I34SRTBTa</property>
    <!-- 
    <property name="acs-oauth-secret-production" type="string"></property>
    <property name="acs-oauth-key-production" type="string"></property>
    <property name="acs-api-key-production" type="string"></property>
    <property name="acs-oauth-secret-development" type="string"></property>
    <property name="acs-oauth-key-development" type="string"></property>
    <property name="acs-api-key-development" type="string"></property>	
    -->
    <deployment-targets>
        <target device="tizen">false</target>
        <target device="mobileweb">false</target>
        <target device="iphone">true</target>
        <target device="ipad">true</target>
        <target device="android">true</target>
        <target device="blackberry">false</target>
    </deployment-targets>
    <sdk-version>3.2.2.GA</sdk-version>
    <id>com.chariti.mobileBasic</id>
    <name>ChariTi Basic</name>
    <version>1.2.1</version>
    <publisher>Matthew Congrove</publisher>
    <url>http://chariti.mobi</url>
    <description>ChariTi is a framework built to allow charities to quickly and easily create mobile applications.</description>
    <copyright>2013 by Matthew Congrove</copyright>
    <icon>appicon.png</icon>
    <fullscreen>false</fullscreen>
    <navbar-hidden>false</navbar-hidden>
    <analytics>false</analytics>
    <guid>66774a0a-ba43-45f5-9686-f2de98701f32</guid>
    <property name="ti.ui.defaultunit">dip</property>
    <ios>
        <min-ios-ver>4.3</min-ios-ver>
        <plist>
            <dict>
                <key>UIRequiresPersistentWiFi</key>
                <false/>
                <key>UIPrerenderedIcon</key>
                <true/>
                <key>UIStatusBarHidden</key>
                <false/>
                <key>UIStatusBarStyle</key>
                <string>UIStatusBarStyleDefault</string>
                <key>UISupportedInterfaceOrientations~iphone</key>
                <array>
                    <string>UIInterfaceOrientationPortrait</string>
                </array>
                <key>UISupportedInterfaceOrientations~ipod</key>
                <array>
                    <string>UIInterfaceOrientationPortrait</string>
                </array>
                <key>UISupportedInterfaceOrientations~ipad</key>
                <array>
                    <string>UIInterfaceOrientationPortrait</string>
                    <string>UIInterfaceOrientationPortraitUpsideDown</string>
                    <string>UIInterfaceOrientationLandscapeLeft</string>
                    <string>UIInterfaceOrientationLandscapeRight</string>
                </array>
                <key>UIBackgroundModes</key>
                <array>
                    <string>audio</string>
                </array>
            </dict>
        </plist>
    </ios>
    <android xmlns:android="http://schemas.android.com/apk/res/android">
        <manifest>
            <uses-sdk android:minSdkVersion="10"/>
        </manifest>
    </android>
    <mobileweb>
        <precache/>
        <splash>
            <enabled>true</enabled>
            <inline-css-images>true</inline-css-images>
        </splash>
        <theme>default</theme>
    </mobileweb>
    <modules>
        <module platform="commonjs">ti.cloud</module>
        <module platform="iphone">dk.napp.social</module>
    </modules>
    <plugins>
        <plugin version="1.0">ti.alloy</plugin>
    </plugins>
</ti:app>
