<?xml version="1.0" encoding="UTF-8"?>
<ti:app xmlns:ti="http://ti.appcelerator.org">
    <property name="acs-oauth-secret-development" type="string">cpdnHDCV698YvX2feu9kYOfELsFLeybb</property>
    <property name="acs-oauth-key-development" type="string">ePAft2UzG6koUkgpksaNrEqzEflrAQHY</property>
    <property name="acs-api-key-development" type="string">DFs0U0SxO7rBI0LYtGBgrypG794aZEGu</property>
    <property name="acs-oauth-secret-production" type="string">nTHDXCDBJfVpHV5Aidm2y58I15YIOBVU</property>
    <property name="acs-oauth-key-production" type="string">7bnHLBnxRE0L8Gt47qqDZjSjTdXoeDu5</property>
    <property name="acs-api-key-production" type="string">Ykis5wGpeZRhEurr95GpiDc0lL3kfafK</property>
    <id>edu.uwm.schmi532</id>
    <name>TheLand</name>
    <version>1.0</version>
    <publisher>schmi532</publisher>
    <url>http://</url>
    <description>not specified</description>
    <copyright>2014 by schmi532</copyright>
    <icon>appicon.png</icon>
    <fullscreen>false</fullscreen>
    <navbar-hidden>false</navbar-hidden>
    <analytics>true</analytics>
    <guid>6b78e946-a7fe-4b62-901a-96c226f96a82</guid>
    <property name="ti.ui.defaultunit" type="string">dp</property>
    <ios>
        <plist>
            <dict>
                <key>UISupportedInterfaceOrientations~iphone</key>
                <array>
                    <string>UIInterfaceOrientationPortrait</string>
                </array>
                <key>UISupportedInterfaceOrientations~ipad</key>
                <array>
                    <string>UIInterfaceOrientationPortrait</string>
                    <string>UIInterfaceOrientationPortraitUpsideDown</string>
                    <string>UIInterfaceOrientationLandscapeLeft</string>
                    <string>UIInterfaceOrientationLandscapeRight</string>
                </array>
                <key>UIRequiresPersistentWiFi</key>
                <false/>
                <key>UIPrerenderedIcon</key>
                <false/>
                <key>UIStatusBarHidden</key>
                <false/>
                <key>UIStatusBarStyle</key>
                <string>UIStatusBarStyleDefault</string>
            </dict>
        </plist>
    </ios>
    <android xmlns:android="http://schemas.android.com/apk/res/android"/>
    <mobileweb>
        <precache/>
        <splash>
            <enabled>true</enabled>
            <inline-css-images>true</inline-css-images>
        </splash>
        <theme>default</theme>
    </mobileweb>
    <modules>
        <module platform="commonjs">ti.cloud</module>
    </modules>
    <deployment-targets>
        <target device="android">true</target>
        <target device="blackberry">false</target>
        <target device="ipad">true</target>
        <target device="iphone">true</target>
        <target device="mobileweb">true</target>
        <target device="tizen">false</target>
    </deployment-targets>
    <sdk-version>3.2.2.GA</sdk-version>
    <plugins>
        <plugin version="1.0">ti.alloy</plugin>
    </plugins>
</ti:app>
